url,class,Armorer,Athletics,Blade,Block,Blunt,Hand to Hand,Heavy Armor,Alchemy,Alteration,Conjuration,Destruction,Illusion,Mysticism,Restoration,Acrobatics,Light Armor,Marksman,Mercantile,Security,Sneak,Speechcraft,Strength,Intelligence,Willpower,Agility,Speed,Endurance,Personality,Luck
https://www.elderstats.com/character/8,Thief,100,84,102,50,25,53,100,20,62,43,77,100,35,96,102,100,102,80,92,102,80,100,100,100,100,100,100,100,100
https://www.elderstats.com/character/22,Warrior,77,43,59,48,32,35,100,100,18,12,19,7,5,22,31,14,13,11,33,14,19,100,100,100,100,100,100,100,100
https://www.elderstats.com/character/31,Rogue,34,0,30,29,0,0,0,0,0,0,0,0,0,0,52,54,40,0,0,54,0,56,56,56,56,56,56,56,56
https://www.elderstats.com/character/38,Battlemage,22,40,100,19,16,5,9,41,100,100,100,100,100,100,42,67,9,40,40,89,11,102,102,102,102,102,102,102,102
https://www.elderstats.com/character/39,Warrior,0,0,100,0,0,0,0,0,0,0,100,0,0,0,0,0,0,0,0,0,0,100,100,100,100,100,100,100,100
https://www.elderstats.com/character/55,Mage,85,76,106,68,27,78,66,100,100,110,110,100,100,110,101,35,11,61,61,100,52,100,100,100,100,100,100,100,100
https://www.elderstats.com/character/69,Mage,13,62,71,60,14,7,10,53,82,100,100,58,90,81,49,55,5,16,23,29,20,56,56,56,56,56,56,56,56
https://www.elderstats.com/character/70,Thief,46,40,58,38,11,12,15,5,9,9,12,7,5,46,50,60,63,42,49,100,72,57,57,57,57,57,57,57,57
https://www.elderstats.com/character/76,Mage,5,100,10,5,5,11,5,100,100,100,100,100,100,100,13,5,5,5,22,9,5,40,40,40,40,40,40,40,40
https://www.elderstats.com/character/81,Assassin,57,51,82,50,3,14,36,85,16,7,9,8,7,39,75,79,72,58,70,100,36,63,63,63,63,63,63,63,63
https://www.elderstats.com/character/87,Bard,12,25,37,32,10,10,15,25,5,5,5,31,5,13,23,41,10,41,21,43,50,40,40,40,40,40,40,40,40
https://www.elderstats.com/character/106,Agent,55,63,87,31,11,23,33,12,24,25,49,30,15,29,82,98,21,41,110,105,21,105,105,105,105,105,105,105,105
https://www.elderstats.com/character/107,Assassin,100,79,110,100,110,100,100,100,100,100,100,100,100,100,100,100,100,68,87,100,84,115,115,115,115,115,115,115,115
https://www.elderstats.com/character/117,Mage,25,43,57,39,9,15,39,40,50,44,66,67,44,59,29,60,13,17,27,21,22,59,59,59,59,59,59,59,59
https://www.elderstats.com/character/136,Barbarian,39,22,39,19,19,9,9,0,0,0,0,0,0,0,0,0,0,0,0,0,0,75,75,75,75,75,75,75,75
https://www.elderstats.com/character/146,Nightblade,58,100,87,48,46,45,75,82,100,100,68,100,100,68,93,82,52,100,100,100,100,92,92,92,92,92,92,92,92
https://www.elderstats.com/character/148,Scout,0,0,0,0,0,0,0,0,0,0,0,0,0,0,0,0,0,0,0,0,0,82,82,82,82,82,82,82,82
https://www.elderstats.com/character/149,Crusader,90,83,100,73,100,77,100,56,55,75,89,43,53,89,59,32,43,89,96,83,56,102,102,102,102,102,102,102,102
https://www.elderstats.com/character/150,Knight,28,73,85,61,17,22,98,12,1,8,11,14,5,30,80,27,20,43,50,19,16,100,100,100,100,100,100,100,100
https://www.elderstats.com/character/154,Knight,35,49,46,15,9,15,50,46,10,40,29,10,10,10,40,59,52,29,100,30,10,93,93,93,93,93,93,93,93
https://www.elderstats.com/character/158,Mage,5,17,8,5,5,6,5,100,100,100,100,100,100,100,16,5,5,14,9,8,5,30,30,30,30,30,30,30,30
https://www.elderstats.com/character/168,Warrior,42,36,55,65,46,34,89,16,5,5,18,5,5,23,11,12,5,11,14,8,16,83,83,83,83,83,83,83,83
https://www.elderstats.com/character/171,Spellsword,32,51,77,21,10,8,48,24,57,32,57,50,28,70,41,74,16,17,70,35,32,66,66,66,66,66,66,66,66
https://www.elderstats.com/character/173,Bard,14,40,62,23,17,13,26,69,16,72,14,63,37,22,25,32,52,16,21,61,28,47,47,47,47,47,47,47,47
https://www.elderstats.com/character/175,Warrior,100,103,103,86,60,81,100,100,100,100,85,100,95,84,72,36,43,51,84,101,56,100,100,100,100,100,100,100,100
https://www.elderstats.com/character/182,Rogue,9,13,30,5,5,15,5,20,30,5,5,31,5,7,21,36,13,35,39,45,13,30,30,30,30,30,30,30,30
https://www.elderstats.com/character/186,Mage,10,27,12,5,6,6,6,63,57,62,62,55,52,50,19,10,10,26,23,7,13,32,32,32,32,32,32,32,32
https://www.elderstats.com/character/187,Mage,12,34,9,9,11,16,6,93,70,55,78,52,50,50,21,5,5,31,26,5,13,40,40,40,40,40,40,40,40
https://www.elderstats.com/character/189,Warrior,85,55,73,54,51,50,80,20,5,6,19,6,6,34,27,5,10,32,40,6,16,110,110,110,110,110,110,110,110
https://www.elderstats.com/character/198,Archer,54,57,92,41,43,38,47,22,35,60,39,39,55,55,31,86,58,20,63,54,17,79,79,79,79,79,79,79,79
https://www.elderstats.com/character/201,Archer,41,49,73,28,34,36,21,20,28,36,37,6,25,31,25,68,47,21,64,49,15,61,61,61,61,61,61,61,61
https://www.elderstats.com/character/203,Mage,5,39,7,6,5,6,5,100,68,100,100,68,61,100,55,7,5,38,12,7,49,30,30,30,30,30,30,30,30
https://www.elderstats.com/character/204,Archer,27,39,56,54,18,17,31,52,17,31,61,136,29,52,73,76,81,34,87,120,17,210,210,210,210,210,210,210,210
https://www.elderstats.com/character/213,Acrobat,53,40,78,53,18,14,67,29,33,27,9,6,5,37,91,44,47,29,54,100,77,100,100,100,100,100,100,100,100
https://www.elderstats.com/character/219,Agent,45,78,76,53,27,32,63,44,40,80,51,100,39,40,100,76,58,66,87,102,51,90,90,90,90,90,90,90,90
https://www.elderstats.com/character/224,Pilgrim,0,0,0,0,0,0,0,0,0,0,0,0,0,0,0,0,0,0,0,0,0,118,118,118,118,118,118,118,118
https://www.elderstats.com/character/226,Pilgrim,100,67,45,77,103,26,18,38,28,20,39,22,26,96,42,100,17,52,94,100,57,99,99,99,99,99,99,99,99
https://www.elderstats.com/character/235,Mage,100,100,100,100,100,100,100,76,100,100,100,100,100,100,100,100,75,40,52,100,100,110,110,110,110,110,110,110,110
https://www.elderstats.com/character/236,Mage,91,103,78,59,77,100,100,76,100,85,100,100,50,82,102,100,53,51,60,100,55,100,100,100,100,100,100,100,100
https://www.elderstats.com/character/241,Archer,60,47,73,21,41,36,23,69,37,25,27,17,22,53,23,90,52,24,39,100,37,71,71,71,71,71,71,71,71
https://www.elderstats.com/character/245,Acrobat,60,24,100,86,38,15,89,56,5,6,23,11,11,58,76,53,54,43,45,61,52,69,69,69,69,69,69,69,69
https://www.elderstats.com/character/249,Crusader,33,30,47,9,39,13,47,14,2,6,39,7,11,12,28,19,10,26,12,9,13,63,63,63,63,63,63,63,63
https://www.elderstats.com/character/252,Thief,35,68,79,23,13,52,25,100,25,78,87,42,35,100,95,100,100,75,83,100,32,81,81,81,81,81,81,81,81
https://www.elderstats.com/character/255,Assassin,84,65,101,42,35,64,51,81,69,72,55,93,50,42,112,100,100,48,81,115,31,120,120,120,120,120,120,120,120
https://www.elderstats.com/character/257,Spellsword,0,0,0,0,0,0,0,0,0,0,0,0,0,0,0,0,0,0,0,0,0,100,100,100,100,100,100,100,100
https://www.elderstats.com/character/259,Mage,9,21,11,5,5,6,5,37,40,68,46,43,40,45,11,18,8,16,12,30,14,30,30,30,30,30,30,30,30
https://www.elderstats.com/character/263,Mage,47,63,60,34,6,30,46,44,100,100,100,100,53,65,62,66,36,24,69,45,5,37,37,37,37,37,37,37,37
https://www.elderstats.com/character/290,Knight,72,61,100,56,54,34,100,79,80,25,20,88,35,40,34,54,8,36,36,69,28,99,99,99,99,99,99,99,99
https://www.elderstats.com/character/295,Assassin,36,43,54,14,8,22,12,97,38,6,21,21,30,27,58,70,46,32,57,105,12,79,79,79,79,79,79,79,79
https://www.elderstats.com/character/298,Mage,47,64,67,20,10,22,54,100,97,110,110,100,76,64,87,58,42,48,42,35,25,92,92,92,92,92,92,92,92
https://www.elderstats.com/character/310,Archer,100,86,100,70,100,77,100,63,5,6,24,6,6,84,47,100,73,24,38,46,29,76,76,76,76,76,76,76,76
https://www.elderstats.com/character/312,Mage,100,83,100,72,93,38,98,100,100,100,51,100,100,42,100,67,53,56,96,100,49,52,52,52,52,52,52,52,52
https://www.elderstats.com/character/314,Warrior,50,150,110,100,40,20,100,10,10,10,70,10,10,10,100,50,40,70,80,70,30,90,90,90,90,90,90,90,90
https://www.elderstats.com/character/324,Battlemage,0,0,0,0,0,0,0,0,0,0,0,0,0,0,0,0,0,0,0,0,0,64,64,64,64,64,64,64,64
https://www.elderstats.com/character/336,Mage,100,100,100,100,100,100,100,100,100,100,100,100,100,100,100,100,100,100,100,100,100,40,40,40,40,40,40,40,40
https://www.elderstats.com/character/337,Assassin,48,60,63,50,27,25,48,37,41,23,27,30,31,38,70,73,81,30,63,79,34,91,91,91,91,91,91,91,91
https://www.elderstats.com/character/343,Acrobat,38,49,68,51,21,13,39,65,18,9,22,11,17,42,40,73,85,28,59,100,75,69,69,69,69,69,69,69,69
https://www.elderstats.com/character/347,Mage,53,100,80,35,23,7,10,100,100,100,100,100,100,100,100,80,17,56,69,58,74,96,96,96,96,96,96,96,96
https://www.elderstats.com/character/373,Mage,9,21,16,13,5,10,13,66,37,32,50,42,37,34,13,10,6,23,18,16,15,45,45,45,45,45,45,45,45
https://www.elderstats.com/character/391,Battlemage,0,0,28,0,0,0,0,0,0,0,0,0,0,0,11,0,0,0,0,0,0,62,62,62,62,62,62,62,62
https://www.elderstats.com/character/401,Knight,75,66,106,80,56,38,95,26,46,33,32,110,30,49,60,25,35,29,56,67,69,105,105,105,105,105,105,105,105
https://www.elderstats.com/character/410,Battlemage,0,0,0,0,0,0,0,0,0,0,0,0,0,0,0,0,0,0,0,0,0,100,100,100,100,100,100,100,100
https://www.elderstats.com/character/417,Mage,5,14,5,5,5,5,5,35,35,42,35,35,40,40,13,6,5,7,9,9,9,40,40,40,40,40,40,40,40
https://www.elderstats.com/character/418,Spellsword,15,41,66,75,14,13,94,15,63,13,72,80,29,36,50,16,12,25,68,73,26,77,77,77,77,77,77,77,77
https://www.elderstats.com/character/419,Warrior,86,79,43,72,100,50,100,55,5,6,6,6,7,8,40,23,5,39,69,26,26,100,100,100,100,100,100,100,100
https://www.elderstats.com/character/450,Mage,58,45,32,24,9,10,33,90,79,100,100,55,57,66,61,43,15,17,33,29,22,46,46,46,46,46,46,46,46
https://www.elderstats.com/character/456,Rogue,27,46,59,52,33,25,59,25,5,5,5,25,5,36,14,31,6,35,19,8,12,68,68,68,68,68,68,68,68
https://www.elderstats.com/character/459,Mage,1,27,38,22,1,6,10,85,44,44,72,64,21,33,26,24,0,7,35,29,5,45,45,45,45,45,45,45,45
https://www.elderstats.com/character/463,Thief,40,72,88,36,30,38,60,53,47,50,30,59,45,88,79,92,28,90,96,102,60,70,70,70,70,70,70,70,70
https://www.elderstats.com/character/465,Mage,5,6,12,5,5,5,5,51,50,66,42,43,60,51,5,5,5,5,5,6,5,40,40,40,40,40,40,40,40
https://www.elderstats.com/character/472,Mage,10,15,5,5,5,4,5,39,39,43,39,36,40,44,17,17,5,13,15,7,14,40,40,40,40,40,40,40,40
https://www.elderstats.com/character/490,Crusader,37,94,110,49,68,100,100,11,26,18,93,13,16,88,77,18,13,20,73,38,25,112,112,112,112,112,112,112,112
https://www.elderstats.com/character/491,Assassin,33,56,75,31,6,19,10,100,8,75,29,50,11,36,100,91,59,34,66,100,25,95,95,95,95,95,95,95,95
https://www.elderstats.com/character/493,Assassin,4,35,32,11,3,8,10,5,3,6,18,5,5,15,53,55,40,13,55,65,12,55,55,55,55,55,55,55,55
https://www.elderstats.com/character/497,Spellsword,15,0,88,33,32,0,0,99,39,0,54,0,0,0,100,0,0,0,0,0,0,85,85,85,85,85,85,85,85
https://www.elderstats.com/character/510,Warrior,100,99,100,85,51,52,100,0,0,0,0,0,0,0,80,0,0,0,87,61,0,100,100,100,100,100,100,100,100
https://www.elderstats.com/character/517,Assassin,63,72,92,30,54,51,69,72,51,57,56,52,58,62,95,80,42,43,60,103,78,97,97,97,97,97,97,97,97
https://www.elderstats.com/character/520,Assassin,57,75,100,52,11,44,59,100,25,14,31,60,28,70,110,100,71,38,100,135,39,101,101,101,101,101,101,101,101
https://www.elderstats.com/character/521,Knight,29,55,82,34,25,17,56,37,10,40,46,12,12,11,49,38,51,20,68,65,47,92,92,92,92,92,92,92,92
https://www.elderstats.com/character/525,Assassin,12,32,42,11,4,3,1,68,5,5,15,5,5,37,64,72,78,21,58,47,5,61,61,61,61,61,61,61,61
https://www.elderstats.com/character/529,Agent,17,43,0,0,14,15,19,63,21,10,13,34,10,15,0,49,60,49,29,69,57,40,40,40,40,40,40,40,40
https://www.elderstats.com/character/536,Assassin,6,44,55,4,26,17,36,25,7,9,17,8,7,36,63,70,32,28,41,38,33,64,64,64,64,64,64,64,64
https://www.elderstats.com/character/541,Archer,114,106,82,53,30,27,94,73,28,33,41,11,31,57,70,99,74,55,109,104,54,105,105,105,105,105,105,105,105
https://www.elderstats.com/character/553,Warrior,42,39,52,44,47,31,57,28,19,6,24,6,5,28,18,28,24,11,16,25,8,79,79,79,79,79,79,79,79
https://www.elderstats.com/character/566,Nightblade,88,80,100,58,12,15,16,77,90,22,96,16,21,97,57,100,8,22,26,12,10,79,79,79,79,79,79,79,79
https://www.elderstats.com/character/575,Mage,42,31,26,13,5,21,7,100,76,100,100,75,86,62,30,39,10,15,25,100,51,58,58,58,58,58,58,58,58
https://www.elderstats.com/character/576,Battlemage,80,60,75,70,60,74,83,70,60,57,68,71,45,47,40,30,50,49,60,70,40,100,100,100,100,100,100,100,100
https://www.elderstats.com/character/585,Mage,62,51,48,38,13,21,7,31,31,31,31,31,30,30,40,49,79,69,56,95,56,40,40,40,40,40,40,40,40
https://www.elderstats.com/character/586,Knight,39,40,64,47,40,32,61,31,5,5,6,45,7,16,30,8,19,27,25,20,37,68,68,68,68,68,68,68,68
https://www.elderstats.com/character/587,Assassin,90,48,91,56,35,35,77,87,35,45,23,66,35,56,54,40,56,35,60,71,36,96,96,96,96,96,96,96,96
https://www.elderstats.com/character/592,Spellsword,50,50,50,30,25,25,50,25,25,25,25,25,25,25,25,25,25,25,25,25,50,75,75,75,75,75,75,75,75
https://www.elderstats.com/character/593,Mage,80,70,67,34,38,45,30,100,100,110,110,100,100,110,75,60,75,40,100,100,34,102,102,102,102,102,102,102,102
https://www.elderstats.com/character/604,Mage,0,0,0,0,0,0,0,0,0,0,0,0,0,0,0,0,0,0,0,0,0,30,30,30,30,30,30,30,30
https://www.elderstats.com/character/610,Spellsword,87,61,100,69,100,41,100,89,96,100,88,100,81,78,63,59,51,32,86,60,19,130,130,130,130,130,130,130,130
https://www.elderstats.com/character/627,Assassin,14,26,87,3,1,65,1,100,44,70,62,68,52,62,100,100,100,63,76,100,45,100,100,100,100,100,100,100,100
https://www.elderstats.com/character/639,Mage,24,32,49,27,19,11,15,51,12,49,71,44,47,57,36,56,51,19,94,36,20,55,55,55,55,55,55,55,55
https://www.elderstats.com/character/655,Knight,100,76,90,48,82,44,100,100,12,17,36,32,30,32,53,29,17,61,52,24,100,100,100,100,100,100,100,100,100
https://www.elderstats.com/character/665,Barbarian,0,0,0,0,0,0,0,0,0,0,0,0,0,0,0,0,0,0,0,0,0,135,135,135,135,135,135,135,135
https://www.elderstats.com/character/667,Assassin,14,36,51,9,9,10,6,28,6,14,18,13,17,16,51,66,48,32,56,50,15,57,57,57,57,57,57,57,57
https://www.elderstats.com/character/674,Knight,98,78,100,42,42,21,100,26,6,43,50,72,41,39,44,34,11,100,81,47,14,100,100,100,100,100,100,100,100
https://www.elderstats.com/character/687,Mage,11,34,32,32,5,28,23,41,91,100,75,100,59,50,34,15,5,15,13,25,5,54,54,54,54,54,54,54,54
https://www.elderstats.com/character/690,Crusader,92,62,75,34,20,17,68,14,22,13,28,20,23,31,63,63,58,29,98,62,17,100,100,100,100,100,100,100,100
https://www.elderstats.com/character/707,Knight,99,62,109,91,48,50,100,19,7,11,20,52,13,59,59,17,31,24,75,36,26,82,82,82,82,82,82,82,82
https://www.elderstats.com/character/712,Assassin,60,89,84,70,45,43,21,78,61,49,76,69,29,75,100,100,100,46,100,100,53,100,100,100,100,100,100,100,100
https://www.elderstats.com/character/718,Knight,40,39,56,35,15,15,56,5,5,5,10,5,5,22,40,8,26,16,10,6,16,67,67,67,67,67,67,67,67
https://www.elderstats.com/character/725,Archer,0,0,0,0,0,0,0,0,0,0,0,0,0,0,0,0,0,0,0,0,0,26,26,26,26,26,26,26,26
https://www.elderstats.com/character/733,Thief,5,32,10,5,5,15,5,5,5,5,5,5,5,5,44,35,31,10,35,35,32,30,30,30,30,30,30,30,30
https://www.elderstats.com/character/746,Mage,5,5,5,5,5,5,5,100,100,110,110,100,100,110,70,5,5,50,50,70,5,70,70,70,70,70,70,70,70
https://www.elderstats.com/character/747,Assassin,12,37,56,13,10,14,20,47,8,100,18,50,50,25,61,62,70,32,93,100,24,76,76,76,76,76,76,76,76
https://www.elderstats.com/character/750,Battlemage,68,45,7,50,63,10,81,17,99,119,113,62,36,12,36,11,10,29,48,6,8,170,170,170,170,170,170,170,170
https://www.elderstats.com/character/753,Assassin,53,50,51,47,24,28,27,73,49,33,28,31,40,45,41,67,60,42,36,67,45,46,46,46,46,46,46,46,46
https://www.elderstats.com/character/759,Assassin,79,86,100,96,90,97,89,100,89,100,89,100,89,76,76,98,79,73,74,81,86,110,110,110,110,110,110,110,110
https://www.elderstats.com/character/767,Mage,0,0,0,0,0,0,0,65,100,100,100,92,84,76,0,0,0,0,0,0,0,43,43,43,43,43,43,43,43
https://www.elderstats.com/character/770,Spellsword,50,0,86,53,0,0,100,0,91,0,64,0,0,0,0,0,0,0,94,0,0,95,95,95,95,95,95,95,95
https://www.elderstats.com/character/775,Warrior,100,100,100,100,100,100,100,100,100,100,100,100,100,100,100,100,100,100,100,100,100,100,100,100,100,100,100,100,100
https://www.elderstats.com/character/776,Agent,88,100,100,64,5,10,40,15,45,100,100,100,100,100,100,30,100,23,23,100,46,73,73,73,73,73,73,73,73
https://www.elderstats.com/character/787,Crusader,59,65,76,66,57,50,59,33,100,100,31,50,30,54,29,17,9,37,28,87,26,66,66,66,66,66,66,66,66
https://www.elderstats.com/character/790,Sorcerer,48,27,32,41,11,10,75,63,82,100,58,35,76,51,19,5,5,40,21,13,20,45,45,45,45,45,45,45,45
https://www.elderstats.com/character/799,Spellsword,36,26,39,37,15,15,45,8,10,27,10,10,10,27,21,8,6,19,22,10,35,49,49,49,49,49,49,49,49
https://www.elderstats.com/character/803,Assassin,5,17,38,11,10,5,5,33,5,6,15,5,10,5,32,39,38,14,33,40,26,44,44,44,44,44,44,44,44
https://www.elderstats.com/character/804,Nightblade,20,41,24,25,15,5,66,10,100,10,58,100,15,53,110,88,20,16,57,65,5,56,56,56,56,56,56,56,56
https://www.elderstats.com/character/808,Mage,66,46,53,22,8,2,55,95,82,83,72,94,61,52,24,60,11,39,85,37,25,62,62,62,62,62,62,62,62
https://www.elderstats.com/character/809,Spellsword,5,15,5,25,25,25,25,28,41,24,22,35,44,24,11,8,5,8,8,6,5,30,30,30,30,30,30,30,30
https://www.elderstats.com/character/810,Nightblade,20,48,46,17,14,5,16,13,37,13,46,12,17,33,34,42,11,21,22,25,50,48,48,48,48,48,48,48,48
https://www.elderstats.com/character/820,Bard,41,73,100,61,62,16,44,29,3,9,15,58,19,36,100,100,32,46,99,100,89,100,100,100,100,100,100,100,100
https://www.elderstats.com/character/822,Barbarian,34,53,59,45,40,44,36,9,5,8,31,6,6,28,27,54,11,8,20,17,8,61,61,61,61,61,61,61,61
https://www.elderstats.com/character/824,Warrior,0,84,96,71,37,26,110,68,30,30,42,38,38,43,55,31,11,33,83,32,18,106,106,106,106,106,106,106,106
https://www.elderstats.com/character/834,Warrior,100,96,101,74,43,62,100,18,4,8,7,11,42,65,46,25,11,30,64,33,16,140,140,140,140,140,140,140,140
https://www.elderstats.com/character/847,Battlemage,0,0,0,0,0,0,0,0,0,0,0,0,0,0,0,0,0,0,0,0,0,42,42,42,42,42,42,42,42
https://www.elderstats.com/character/863,Assassin,44,34,31,10,3,6,8,44,16,6,14,8,5,22,42,43,53,22,43,60,31,36,36,36,36,36,36,36,36
https://www.elderstats.com/character/865,Mage,8,41,34,25,11,11,62,40,93,100,100,100,83,55,38,28,8,16,55,28,11,100,100,100,100,100,100,100,100
https://www.elderstats.com/character/870,Thief,34,28,27,21,11,6,5,41,15,11,28,11,17,22,46,61,56,63,43,56,60,63,63,63,63,63,63,63,63
https://www.elderstats.com/character/875,Thief,8,23,12,5,5,6,5,39,10,5,5,5,5,14,43,39,44,31,38,50,33,36,36,36,36,36,36,36,36
https://www.elderstats.com/character/881,Knight,100,100,100,108,79,68,110,68,28,8,50,86,27,12,103,20,16,75,84,81,41,470,470,470,470,470,470,470,470
https://www.elderstats.com/character/885,Mage,5,31,22,12,5,8,5,36,38,50,55,38,40,43,24,10,5,19,17,13,10,40,40,40,40,40,40,40,40
https://www.elderstats.com/character/889,Thief,13,39,35,24,9,20,26,16,43,12,12,24,6,27,74,95,49,43,60,73,42,65,65,65,65,65,65,65,65
https://www.elderstats.com/character/896,Thief,13,25,17,15,6,13,25,5,3,13,11,11,0,0,53,42,35,39,58,46,38,86,86,86,86,86,86,86,86
https://www.elderstats.com/character/901,Spellsword,95,71,97,78,36,23,100,100,100,100,100,100,61,91,69,58,51,42,73,72,48,101,101,101,101,101,101,101,101
https://www.elderstats.com/character/929,Mage,18,44,39,15,17,19,33,56,100,100,62,76,46,39,44,37,16,23,76,22,16,46,46,46,46,46,46,46,46
https://www.elderstats.com/character/946,Knight,100,100,100,100,100,71,100,41,8,29,23,100,17,43,100,27,62,37,100,98,61,100,100,100,100,100,100,100,100
https://www.elderstats.com/character/948,Mage,100,100,100,100,100,100,100,100,100,110,110,100,100,110,100,100,100,100,100,100,100,100,100,100,100,100,100,100,100
https://www.elderstats.com/character/949,Barbarian,56,36,61,50,40,30,20,5,5,5,8,5,5,15,17,80,17,15,10,9,10,73,73,73,73,73,73,73,73
https://www.elderstats.com/character/954,Mage,0,0,0,0,0,0,0,0,0,0,0,0,0,0,0,0,0,0,0,0,0,56,56,56,56,56,56,56,56
https://www.elderstats.com/character/972,Warrior,100,100,100,76,100,91,100,5,23,14,24,24,6,46,59,32,13,53,108,54,57,100,100,100,100,100,100,100,100
https://www.elderstats.com/character/979,Agent,5,16,5,6,5,11,5,15,10,8,6,27,6,9,49,27,44,30,30,41,31,30,30,30,30,30,30,30,30
https://www.elderstats.com/character/981,Mage,5,5,5,5,35,10,35,30,30,30,36,45,40,30,10,5,5,8,6,5,5,30,30,30,30,30,30,30,30
https://www.elderstats.com/character/983,Crusader,100,46,100,100,100,14,100,5,5,5,100,14,5,100,102,100,100,23,67,102,5,100,100,100,100,100,100,100,100
https://www.elderstats.com/character/987,Battlemage,100,67,100,100,18,17,100,75,100,55,100,100,100,100,49,15,14,39,74,77,44,100,100,100,100,100,100,100,100
https://www.elderstats.com/character/990,Mage,5,17,15,6,10,5,5,32,37,31,53,30,40,32,9,10,10,10,8,6,5,40,40,40,40,40,40,40,40
https://www.elderstats.com/character/992,Battlemage,4,26,25,30,4,20,29,100,100,100,100,100,100,25,101,44,35,15,95,100,17,85,85,85,85,85,85,85,85
https://www.elderstats.com/character/993,Battlemage,1,45,46,17,12,8,61,100,22,100,40,100,100,74,46,53,65,19,93,64,19,36,36,36,36,36,36,36,36
https://www.elderstats.com/character/1000,Thief,46,95,100,18,6,25,11,15,10,6,17,42,30,6,100,100,100,100,100,100,100,100,100,100,100,100,100,100,100
https://www.elderstats.com/character/1005,Spellsword,20,61,48,25,13,10,66,15,100,42,51,32,37,50,31,24,10,31,17,13,13,57,57,57,57,57,57,57,57
https://www.elderstats.com/character/1012,Mage,5,22,14,5,5,106,5,10,23,10,16,11,17,18,18,7,11,10,10,56,5,30,30,30,30,30,30,30,30
https://www.elderstats.com/character/1015,Spellsword,100,84,102,100,19,43,100,93,100,100,100,100,80,100,64,100,55,63,63,77,50,100,100,100,100,100,100,100,100
https://www.elderstats.com/character/1023,Mage,10,36,19,20,12,12,21,100,82,92,100,68,75,66,34,22,8,51,30,26,9,62,62,62,62,62,62,62,62
https://www.elderstats.com/character/1024,Mage,5,56,43,21,5,11,31,35,55,81,100,108,56,53,63,41,22,17,47,59,29,63,63,63,63,63,63,63,63
https://www.elderstats.com/character/1051,Thief,1,22,17,11,7,10,12,6,3,5,15,10,10,11,44,41,30,31,52,56,30,45,45,45,45,45,45,45,45
https://www.elderstats.com/character/1059,Assassin,6,31,51,25,6,19,47,31,7,18,38,35,15,10,62,49,47,20,56,64,13,63,63,63,63,63,63,63,63
https://www.elderstats.com/character/1063,Thief,0,0,0,0,0,0,0,0,0,0,0,0,0,0,0,0,0,0,0,0,0,86,86,86,86,86,86,86,86
https://www.elderstats.com/character/1073,Mage,100,100,100,100,100,100,100,100,100,100,100,100,100,100,100,100,100,100,100,100,100,100,100,100,100,100,100,100,100
https://www.elderstats.com/character/1074,Archer,7,100,112,19,53,52,37,73,84,52,61,41,46,100,120,100,115,51,53,112,93,100,100,100,100,100,100,100,100
https://www.elderstats.com/character/1076,Mage,21,47,35,16,27,32,31,100,91,89,70,100,56,55,45,28,17,28,26,17,16,64,64,64,64,64,64,64,64
https://www.elderstats.com/character/1077,Barbarian,40,30,30,37,40,35,36,12,5,5,15,5,5,8,28,37,15,5,10,10,6,60,60,60,60,60,60,60,60
https://www.elderstats.com/character/1078,Thief,10,23,23,16,12,24,15,11,16,39,21,34,21,21,26,18,26,20,42,45,15,54,54,54,54,54,54,54,54
https://www.elderstats.com/character/1083,Healer,32,23,56,12,34,34,12,100,45,23,23,44,23,43,64,74,100,64,54,76,100,50,50,50,50,50,50,50,50
https://www.elderstats.com/character/1085,Mage,5,49,44,22,8,22,9,38,100,110,110,100,100,100,55,49,5,25,9,39,46,60,60,60,60,60,60,60,60
https://www.elderstats.com/character/1087,Monk,13,23,14,23,5,45,31,38,40,26,15,14,36,30,17,10,38,31,18,19,30,38,38,38,38,38,38,38,38
https://www.elderstats.com/character/1092,Acrobat,38,43,43,39,15,18,7,71,5,11,18,21,5,25,61,40,57,43,75,100,32,56,56,56,56,56,56,56,56
https://www.elderstats.com/character/1094,Assassin,40,42,68,75,36,66,43,8,4,5,19,50,25,14,75,32,26,20,62,100,16,100,100,100,100,100,100,100,100
https://www.elderstats.com/character/1106,Mage,79,45,100,50,50,78,100,100,100,100,100,100,100,100,50,100,57,34,73,100,86,80,80,80,80,80,80,80,80
https://www.elderstats.com/character/1107,Assassin,5,11,30,5,5,15,5,25,5,5,5,25,5,5,40,15,30,30,15,35,10,40,40,40,40,40,40,40,40
https://www.elderstats.com/character/1119,Scout,91,84,98,62,28,53,25,100,15,13,18,8,15,44,68,63,46,75,97,88,75,105,105,105,105,105,105,105,105
https://www.elderstats.com/character/1120,Battlemage,0,0,0,0,0,0,0,0,0,0,0,0,0,0,0,0,0,0,0,0,0,90,90,90,90,90,90,90,90
https://www.elderstats.com/character/1123,Knight,100,103,110,103,100,100,104,100,100,100,100,100,100,100,100,100,100,100,100,100,100,103,103,103,103,103,103,103,103
https://www.elderstats.com/character/1131,Monk,99,79,70,50,0,52,98,100,98,0,64,23,25,64,70,5,62,45,57,49,20,82,82,82,82,82,82,82,82
https://www.elderstats.com/character/1132,Assassin,8,37,71,18,10,5,26,25,21,8,28,16,28,20,57,72,50,17,57,83,10,66,66,66,66,66,66,66,66
https://www.elderstats.com/character/1146,Crusader,20,37,37,13,35,41,41,5,5,5,25,5,5,26,12,5,5,15,6,5,15,58,58,58,58,58,58,58,58
https://www.elderstats.com/character/1148,Archer,14,21,29,16,10,6,10,45,43,8,10,32,5,15,23,50,42,17,25,46,10,33,33,33,33,33,33,33,33
https://www.elderstats.com/character/1154,Mage,38,48,47,26,21,24,28,37,100,106,102,100,47,61,47,21,13,21,75,87,22,88,88,88,88,88,88,88,88
https://www.elderstats.com/character/1162,Nightblade,70,58,67,40,26,17,41,100,58,25,74,59,25,66,78,80,10,41,19,41,27,50,50,50,50,50,50,50,50
https://www.elderstats.com/character/1193,Battlemage,100,79,100,51,100,82,100,101,100,110,110,100,100,80,64,82,27,89,100,55,86,100,100,100,100,100,100,100,100
https://www.elderstats.com/character/1198,Mage,26,16,59,31,31,8,43,31,36,61,56,26,41,37,59,48,20,18,28,33,17,52,52,52,52,52,52,52,52
https://www.elderstats.com/character/1199,Assassin,111,111,111,111,111,111,111,111,111,111,111,111,111,111,111,111,111,111,111,111,111,10,10,10,10,10,10,10,10
https://www.elderstats.com/character/1211,Mage,5,5,5,5,5,5,5,35,35,40,30,35,40,40,5,5,5,5,5,5,5,40,40,40,40,40,40,40,40
https://www.elderstats.com/character/1217,Bard,99,79,102,54,27,20,109,36,56,71,53,51,36,71,68,63,27,49,101,48,46,89,89,89,89,89,89,89,89
https://www.elderstats.com/character/1218,Thief,98,87,120,65,46,65,59,31,72,100,44,0,45,67,110,111,109,75,110,130,56,112,112,112,112,112,112,112,112
https://www.elderstats.com/character/1225,Nightblade,100,100,100,100,100,100,100,100,100,100,100,100,100,100,100,100,100,100,100,100,100,100,100,100,100,100,100,100,100
https://www.elderstats.com/character/1232,Knight,100,70,88,94,95,82,100,94,65,75,56,88,67,67,61,91,57,44,51,44,86,100,100,100,100,100,100,100,100
https://www.elderstats.com/character/1238,Acrobat,7,45,9,14,5,45,5,6,5,5,10,5,5,6,56,39,49,34,40,23,49,40,40,40,40,40,40,40,40
https://www.elderstats.com/character/1239,Knight,0,0,0,0,0,0,0,0,0,0,0,0,0,0,0,0,0,0,0,0,0,55,55,55,55,55,55,55,55
https://www.elderstats.com/character/1252,Knight,10,32,39,31,16,15,45,5,5,5,5,5,5,27,14,12,7,36,26,10,15,55,55,55,55,55,55,55,55
https://www.elderstats.com/character/1253,Assassin,51,80,100,80,60,60,60,15,50,50,30,50,50,20,70,100,100,40,70,80,30,100,100,100,100,100,100,100,100
https://www.elderstats.com/character/1266,Barbarian,100,100,100,100,100,100,100,64,30,38,44,71,30,79,100,100,30,50,100,34,30,100,100,100,100,100,100,100,100
https://www.elderstats.com/character/1272,Knight,10,10,35,35,35,30,30,10,10,15,5,32,15,15,5,5,5,6,5,5,0,50,50,50,50,50,50,50,50
https://www.elderstats.com/character/1273,Knight,23,100,100,98,48,36,100,25,85,69,83,15,46,88,97,92,91,99,100,68,75,100,100,100,100,100,100,100,100
https://www.elderstats.com/character/1280,Battlemage,0,0,0,0,0,0,0,0,0,0,0,0,0,0,0,0,0,0,0,0,0,125,125,125,125,125,125,125,125
https://www.elderstats.com/character/1282,Assassin,53,60,75,50,25,25,25,75,30,25,35,25,25,45,91,100,80,50,100,100,56,80,80,80,80,80,80,80,80
https://www.elderstats.com/character/1284,Healer,6,25,24,16,16,9,11,35,35,20,37,40,20,43,24,24,10,29,15,8,27,48,48,48,48,48,48,48,48
https://www.elderstats.com/character/1296,Nightblade,100,100,100,100,100,100,100,100,100,100,100,100,100,100,100,100,100,100,100,100,100,100,100,100,100,100,100,100,100
https://www.elderstats.com/character/1306,Rogue,34,57,76,46,10,21,18,39,10,8,17,29,10,36,25,74,14,34,25,22,26,53,53,53,53,53,53,53,53
https://www.elderstats.com/character/1309,Agent,10,100,100,25,15,65,55,5,5,50,5,95,5,10,100,90,100,95,100,100,100,100,100,100,100,100,100,100,100
https://www.elderstats.com/character/1310,Sorcerer,0,0,0,0,0,0,0,0,0,0,0,0,0,0,0,0,0,0,0,0,0,100,100,100,100,100,100,100,100
https://www.elderstats.com/character/1318,Mage,7,32,26,28,8,7,28,72,63,52,58,51,62,71,23,9,9,24,31,29,42,50,50,50,50,50,50,50,50
https://www.elderstats.com/character/1319,Assassin,11,57,13,32,28,26,13,18,12,16,10,17,11,7,48,26,25,17,15,47,63,48,48,48,48,48,48,48,48
https://www.elderstats.com/character/1327,Warrior,100,93,111,78,62,38,100,10,9,9,47,12,6,73,47,20,13,31,87,39,31,123,123,123,123,123,123,123,123
https://www.elderstats.com/character/1328,Battlemage,7,60,60,26,10,7,15,100,78,76,77,100,41,57,44,61,9,26,63,32,15,62,62,62,62,62,62,62,62
https://www.elderstats.com/character/1338,Knight,100,68,103,56,50,45,100,53,61,86,36,75,37,44,100,63,41,51,89,125,48,168,168,168,168,168,168,168,168
https://www.elderstats.com/character/1340,Mage,30,100,30,30,30,50,30,100,100,100,100,100,100,100,100,30,30,85,30,45,100,30,30,30,30,30,30,30,30
https://www.elderstats.com/character/1344,Assassin,34,66,81,44,17,18,54,67,27,10,36,68,11,27,58,79,68,28,107,86,28,83,83,83,83,83,83,83,83
https://www.elderstats.com/character/1348,Warrior,58,70,100,43,53,36,23,82,100,41,22,15,16,48,100,73,7,64,45,91,53,132,132,132,132,132,132,132,132
https://www.elderstats.com/character/1351,Mage,27,40,24,20,15,37,27,83,44,32,81,36,36,58,48,47,5,37,27,19,29,80,80,80,80,80,80,80,80
https://www.elderstats.com/character/1369,Mage,0,0,0,0,0,0,0,0,0,0,0,0,0,0,0,0,0,0,0,0,0,100,100,100,100,100,100,100,100
https://www.elderstats.com/character/1376,Knight,0,0,0,0,0,0,0,0,0,0,0,0,0,0,0,0,0,0,0,0,0,100,100,100,100,100,100,100,100
https://www.elderstats.com/character/1377,Bard,36,56,21,51,0,30,70,46,0,0,29,31,45,38,82,100,36,37,21,21,36,98,98,98,98,98,98,98,98
https://www.elderstats.com/character/1378,Battlemage,242,268,251,241,94,46,231,216,241,136,258,120,142,174,231,248,254,189,192,230,136,55,55,55,55,55,55,55,55
https://www.elderstats.com/character/1384,Assassin,100,100,100,100,100,100,100,100,100,100,100,100,100,100,100,100,100,100,100,100,100,102,102,102,102,102,102,102,102
https://www.elderstats.com/character/1388,Rogue,56,85,83,58,41,39,74,88,37,26,24,26,5,56,70,100,29,46,87,46,33,70,70,70,70,70,70,70,70
https://www.elderstats.com/character/1393,Sorcerer,10,37,9,12,21,5,49,57,41,45,66,16,45,48,25,15,9,23,20,28,13,66,66,66,66,66,66,66,66
https://www.elderstats.com/character/1395,Warrior,0,0,0,0,0,0,0,0,0,0,0,0,0,0,0,0,0,0,0,0,0,99,99,99,99,99,99,99,99
https://www.elderstats.com/character/1397,Battlemage,100,100,100,100,100,100,100,100,100,100,100,100,100,100,100,100,100,100,100,100,100,100,100,100,100,100,100,100,100
https://www.elderstats.com/character/1403,Scout,0,0,0,0,0,0,0,0,0,0,0,0,0,0,0,0,0,0,0,0,0,84,84,84,84,84,84,84,84
https://www.elderstats.com/character/1416,Mage,0,0,0,0,0,0,0,100,100,100,100,100,100,100,0,0,0,0,0,0,0,13,13,13,13,13,13,13,13
https://www.elderstats.com/character/1425,Warrior,0,0,0,0,0,0,0,0,0,0,0,0,0,0,0,0,0,0,0,0,0,999,999,999,999,999,999,999,999
https://www.elderstats.com/character/1429,Assassin,99,100,99,70,100,70,100,77,5,99,20,6,88,99,89,1,88,8,100,100,4,100,100,100,100,100,100,100,100
https://www.elderstats.com/character/1436,Witchhunter,72,65,77,44,65,36,72,51,58,79,66,18,72,77,57,29,60,28,85,66,35,100,100,100,100,100,100,100,100
https://www.elderstats.com/character/1437,Assassin,30,60,112,28,9,16,59,16,16,15,28,30,15,61,60,48,42,20,41,100,22,78,78,78,78,78,78,78,78
https://www.elderstats.com/character/1443,Rogue,0,0,0,0,0,0,0,0,0,0,0,0,0,0,0,0,0,0,0,0,0,96,96,96,96,96,96,96,96
https://www.elderstats.com/character/1444,Assassin,0,0,0,0,0,0,0,0,0,0,0,0,0,0,0,0,0,0,0,0,0,40,40,40,40,40,40,40,40
https://www.elderstats.com/character/1445,Assassin,70,56,50,46,34,86,62,100,88,52,49,76,46,39,100,100,92,61,140,100,59,100,100,100,100,100,100,100,100
https://www.elderstats.com/character/1447,Knight,47,51,76,43,55,38,89,31,66,50,62,39,50,53,25,77,14,33,78,100,41,76,76,76,76,76,76,76,76
https://www.elderstats.com/character/1448,Knight,100,100,100,100,100,100,100,100,100,100,100,100,100,100,100,100,100,100,100,100,100,100,100,100,100,100,100,100,100
https://www.elderstats.com/character/1458,Battlemage,92,0,0,0,0,0,100,0,0,0,0,0,0,0,0,0,0,0,0,0,0,96,96,96,96,96,96,96,96
https://www.elderstats.com/character/1462,Scout,23,94,99,21,10,10,10,100,34,10,100,56,10,45,59,90,92,65,110,100,0,91,91,91,91,91,91,91,91
https://www.elderstats.com/character/1465,Scout,100,83,101,100,35,34,50,100,57,81,56,79,52,73,72,100,64,43,84,95,36,120,120,120,120,120,120,120,120
https://www.elderstats.com/character/1469,Assassin,0,0,0,0,0,0,0,0,0,0,0,0,0,0,0,0,0,0,0,0,0,100,100,100,100,100,100,100,100
https://www.elderstats.com/character/1481,Warrior,0,0,0,0,0,0,0,0,0,0,0,0,0,0,0,0,0,0,0,0,0,105,105,105,105,105,105,105,105
https://www.elderstats.com/character/1490,Mage,9,25,9,11,6,5,7,89,67,82,76,67,67,58,14,10,5,20,14,18,8,35,35,35,35,35,35,35,35
https://www.elderstats.com/character/1491,Assassin,21,39,91,28,10,12,5,86,6,41,24,10,15,38,86,69,64,27,110,110,10,84,84,84,84,84,84,84,84
https://www.elderstats.com/character/1502,Monk,8,32,27,12,11,30,16,10,33,11,16,11,16,13,45,35,37,17,38,37,11,49,49,49,49,49,49,49,49
https://www.elderstats.com/character/1517,Battlemage,96,100,100,98,91,86,100,100,100,100,100,79,100,95,92,100,91,79,89,100,87,100,100,100,100,100,100,100,100
https://www.elderstats.com/character/1523,Assassin,0,0,0,0,0,0,0,0,0,0,0,0,0,0,0,0,0,0,0,0,0,65,65,65,65,65,65,65,65
https://www.elderstats.com/character/1524,Mage,21,48,40,21,17,16,29,82,61,62,66,58,63,45,58,44,33,25,87,57,30,62,62,62,62,62,62,62,62
https://www.elderstats.com/character/1525,Spellsword,0,0,0,0,0,0,0,0,0,0,0,0,0,0,0,0,0,0,0,0,0,40,40,40,40,40,40,40,40
https://www.elderstats.com/character/1530,Battlemage,6,42,44,7,28,7,17,44,100,100,100,100,100,36,38,7,9,30,79,18,21,58,58,58,58,58,58,58,58
https://www.elderstats.com/character/1533,Knight,66,45,70,78,67,54,87,7,5,5,15,58,5,30,26,15,5,23,23,11,83,100,100,100,100,100,100,100,100
https://www.elderstats.com/character/1537,Nightblade,0,0,0,0,0,0,0,0,0,0,0,0,0,0,0,0,0,0,0,0,0,96,96,96,96,96,96,96,96
https://www.elderstats.com/character/1546,Rogue,42,85,92,35,15,15,20,45,20,15,35,35,16,43,100,79,37,43,90,61,85,75,75,75,75,75,75,75,75
https://www.elderstats.com/character/1549,Assassin,29,60,95,37,20,27,27,44,7,19,37,19,13,51,100,100,95,33,100,100,26,100,100,100,100,100,100,100,100
https://www.elderstats.com/character/1551,Sorcerer,100,89,100,100,5,3,100,34,100,100,100,87,100,100,78,100,39,100,100,74,30,100,100,100,100,100,100,100,100
https://www.elderstats.com/character/1580,Thief,43,49,38,27,9,16,21,52,72,10,18,62,50,35,55,110,92,62,90,102,98,87,87,87,87,87,87,87,87
https://www.elderstats.com/character/1585,Bard,53,39,76,61,10,26,36,91,10,11,25,50,6,36,54,96,41,60,88,87,90,90,90,90,90,90,90,90,90
https://www.elderstats.com/character/1592,Mage,0,0,0,0,0,0,0,28,82,82,100,75,66,57,0,0,0,0,0,0,0,87,87,87,87,87,87,87,87
https://www.elderstats.com/character/1601,Thief,5,40,35,20,10,15,5,40,5,5,5,5,5,5,40,40,50,40,45,50,45,35,35,35,35,35,35,35,35
https://www.elderstats.com/character/1602,Mage,5,15,20,10,5,10,5,45,70,80,80,70,70,80,20,20,10,30,10,10,35,25,25,25,25,25,25,25,25
https://www.elderstats.com/character/1605,Assassin,80,64,98,33,16,27,21,100,45,52,51,44,29,41,100,100,86,45,100,100,47,97,97,97,97,97,97,97,97
https://www.elderstats.com/character/1606,Knight,98,34,110,110,50,35,99,5,5,10,8,11,9,8,19,8,11,8,68,13,20,100,100,100,100,100,100,100,100
https://www.elderstats.com/character/1609,Rogue,33,52,68,36,10,21,11,34,5,8,14,26,8,34,22,70,17,28,24,34,17,54,54,54,54,54,54,54,54
https://www.elderstats.com/character/1615,Crusader,87,62,102,60,8,12,97,39,9,16,17,11,17,51,80,14,9,26,68,29,6,100,100,100,100,100,100,100,100
https://www.elderstats.com/character/1617,Knight,100,100,100,100,89,78,100,100,100,100,100,100,100,100,100,97,100,65,100,60,100,100,100,100,100,100,100,100,100
https://www.elderstats.com/character/1629,Rogue,72,43,76,23,20,12,32,61,42,7,46,19,49,42,42,69,47,46,93,99,40,68,68,68,68,68,68,68,68
https://www.elderstats.com/character/1640,Thief,50,5,100,5,5,5,100,5,5,5,5,5,5,5,50,100,5,5,50,50,5,91,91,91,91,91,91,91,91
https://www.elderstats.com/character/1648,Sorcerer,55,39,100,43,5,5,79,36,46,82,100,86,40,82,31,5,5,33,67,10,5,85,85,85,85,85,85,85,85
https://www.elderstats.com/character/1651,Knight,70,94,115,90,94,81,104,62,46,84,51,81,40,79,90,81,32,53,98,56,32,115,115,115,115,115,115,115,115
https://www.elderstats.com/character/1659,Warrior,0,0,0,0,0,0,0,0,0,0,0,0,0,0,0,0,0,0,0,0,0,100,100,100,100,100,100,100,100
https://www.elderstats.com/character/1672,Rogue,17,24,43,6,6,6,11,62,10,7,7,5,5,20,24,60,63,26,99,82,18,52,52,52,52,52,52,52,52
https://www.elderstats.com/character/1678,Assassin,96,82,110,69,58,39,89,100,34,87,35,80,27,69,100,100,100,62,100,100,37,110,110,110,110,110,110,110,110
https://www.elderstats.com/character/1697,Crusader,100,57,97,100,81,81,100,36,36,37,39,81,34,28,51,55,100,36,42,42,26,110,110,110,110,110,110,110,110
https://www.elderstats.com/character/1707,Warrior,0,0,0,0,0,0,0,0,0,0,0,0,0,0,0,0,0,0,0,0,0,100,100,100,100,100,100,100,100
https://www.elderstats.com/character/1729,Mage,82,57,39,21,8,84,50,100,100,110,110,100,100,110,73,100,12,36,36,102,11,94,94,94,94,94,94,94,94
https://www.elderstats.com/character/1730,Knight,0,0,0,0,0,0,0,0,0,0,0,0,0,0,0,0,0,0,0,0,0,72,72,72,72,72,72,72,72
https://www.elderstats.com/character/1733,Warrior,86,96,100,100,100,56,97,20,20,76,85,21,25,90,76,20,45,5,30,5,20,100,100,100,100,100,100,100,100
https://www.elderstats.com/character/1734,Spellsword,6,14,27,27,5,6,26,15,40,20,31,39,20,41,11,15,5,8,13,7,5,42,42,42,42,42,42,42,42
https://www.elderstats.com/character/1742,Thief,0,0,0,0,0,0,0,0,0,0,0,0,0,0,0,0,0,0,0,0,0,44,44,44,44,44,44,44,44
https://www.elderstats.com/character/1743,Warrior,0,0,0,0,0,0,0,0,0,0,0,0,0,0,0,0,0,0,0,0,0,185,185,185,185,185,185,185,185
https://www.elderstats.com/character/1744,Monk,36,70,82,68,36,60,30,38,40,100,88,100,110,82,60,100,78,42,70,100,90,80,80,80,80,80,80,80,80
https://www.elderstats.com/character/1745,Mage,17,34,20,15,10,5,5,53,50,33,47,48,36,38,15,43,10,19,14,23,5,49,49,49,49,49,49,49,49
https://www.elderstats.com/character/1761,Barbarian,0,0,0,0,0,0,0,0,0,0,0,0,0,0,0,0,0,0,0,0,0,90,90,90,90,90,90,90,90
https://www.elderstats.com/character/1777,Warrior,83,65,100,70,61,23,100,4,16,9,16,7,7,27,40,15,8,23,36,26,37,110,110,110,110,110,110,110,110
https://www.elderstats.com/character/1792,Assassin,53,40,56,27,6,17,14,72,6,7,11,14,11,24,53,56,60,24,53,90,24,52,52,52,52,52,52,52,52
https://www.elderstats.com/character/1795,Rogue,12,44,69,22,4,8,5,75,11,8,6,21,5,30,55,58,78,38,86,83,47,52,52,52,52,52,52,52,52
https://www.elderstats.com/character/1806,Knight,0,0,0,0,0,0,0,0,0,0,0,0,0,0,0,0,0,0,0,0,0,60,60,60,60,60,60,60,60
https://www.elderstats.com/character/1820,Agent,72,70,72,41,26,25,30,50,56,50,51,57,50,50,92,100,57,80,77,100,38,79,79,79,79,79,79,79,79
https://www.elderstats.com/character/1824,Warrior,0,0,0,0,0,0,0,0,0,0,0,0,0,0,0,0,0,0,0,0,0,110,110,110,110,110,110,110,110
https://www.elderstats.com/character/1834,Spellsword,71,57,45,43,69,55,100,100,57,100,77,45,25,69,41,63,6,32,70,19,46,100,100,100,100,100,100,100,100
https://www.elderstats.com/character/1839,Barbarian,38,45,45,35,33,62,13,5,5,6,6,6,6,25,21,60,5,10,12,11,18,62,62,62,62,62,62,62,62
https://www.elderstats.com/character/1840,Thief,0,0,0,0,0,0,0,0,0,0,0,0,0,0,0,0,0,0,0,0,0,15,15,15,15,15,15,15,15
https://www.elderstats.com/character/1846,Rogue,0,0,0,0,0,0,0,0,0,0,0,0,0,0,0,0,0,0,0,0,0,100,100,100,100,100,100,100,100
https://www.elderstats.com/character/1848,Nightblade,435,233,423,453,843,89,677,900,345,800,776,434,657,768,239,658,654,565,676,765,654,89,89,89,89,89,89,89,89
https://www.elderstats.com/character/1862,Scout,66,63,90,41,29,17,55,30,17,46,37,17,17,22,55,44,41,61,45,40,39,100,100,100,100,100,100,100,100
https://www.elderstats.com/character/1863,Spellsword,44,29,55,40,5,11,71,38,100,22,52,76,21,51,22,10,5,15,17,26,5,70,70,70,70,70,70,70,70
https://www.elderstats.com/character/1868,Thief,37,43,50,20,18,36,18,69,90,8,30,83,10,27,34,71,16,26,62,92,14,71,71,71,71,71,71,71,71
https://www.elderstats.com/character/1872,Archer,0,0,0,0,0,0,0,0,0,0,0,0,0,0,0,0,0,0,0,0,0,65,65,65,65,65,65,65,65
https://www.elderstats.com/character/1883,Assassin,92,98,99,92,85,93,86,87,89,91,89,95,87,91,91,99,100,85,100,99,94,87,87,87,87,87,87,87,87
https://www.elderstats.com/character/1905,Rogue,5,15,36,26,10,5,5,5,5,5,5,5,10,5,16,40,36,30,30,33,10,40,40,40,40,40,40,40,40
https://www.elderstats.com/character/1906,Battlemage,100,100,100,100,100,100,100,100,100,100,100,100,100,100,100,100,100,100,100,100,100,100,100,100,100,100,100,100,100
https://www.elderstats.com/character/1915,Warrior,100,75,68,71,75,70,95,100,7,8,30,11,7,22,35,15,6,52,45,52,39,105,105,105,105,105,105,105,105
https://www.elderstats.com/character/1925,Barbarian,100,100,106,100,100,107,103,100,100,100,100,100,100,100,100,101,94,100,100,100,78,100,100,100,100,100,100,100,100
https://www.elderstats.com/character/1946,Assassin,15,100,47,23,11,100,13,16,19,34,84,37,77,26,100,100,98,57,100,100,43,100,100,100,100,100,100,100,100
https://www.elderstats.com/character/1950,Assassin,100,100,100,100,100,100,100,100,100,100,100,100,100,100,100,100,100,100,100,100,100,100,100,100,100,100,100,100,100
https://www.elderstats.com/character/1965,Barbarian,77,61,70,58,82,33,100,22,9,16,23,16,7,53,0,2,6,18,25,19,6,100,100,100,100,100,100,100,100
https://www.elderstats.com/character/1968,Agent,0,12,48,51,48,34,0,37,89,91,0,76,100,0,43,42,0,23,0,0,32,4,4,4,4,4,4,4,4
https://www.elderstats.com/character/1972,Nightblade,47,100,78,87,48,47,63,0,100,78,100,100,60,60,100,82,100,89,100,100,100,73,73,73,73,73,73,73,73
https://www.elderstats.com/character/1973,Sorcerer,0,0,0,0,0,0,0,0,0,0,0,0,0,0,0,0,0,0,0,0,0,30,30,30,30,30,30,30,30
https://www.elderstats.com/character/1975,Nightblade,54,74,78,29,14,28,33,19,86,32,40,31,18,38,100,89,6,26,100,50,12,93,93,93,93,93,93,93,93
https://www.elderstats.com/character/1986,Spellsword,62,54,100,100,34,33,24,0,100,100,100,100,100,100,69,63,48,61,72,72,100,100,100,100,100,100,100,100,100
https://www.elderstats.com/character/1995,Archer,0,0,0,0,0,0,0,0,0,0,0,0,0,0,0,0,0,0,0,0,0,12,12,12,12,12,12,12,12
https://www.elderstats.com/character/1997,Mage,15,15,15,15,15,15,15,15,20,20,20,25,20,20,15,15,15,15,15,15,15,30,30,30,30,30,30,30,30
https://www.elderstats.com/character/2002,Knight,32,34,76,50,47,12,63,8,10,7,6,5,25,17,24,12,5,32,17,6,45,85,85,85,85,85,85,85,85
https://www.elderstats.com/character/2010,Assassin,0,0,0,0,0,0,0,0,0,0,0,0,0,0,0,0,0,0,0,0,0,97,97,97,97,97,97,97,97
https://www.elderstats.com/character/2019,Warrior,100,100,100,100,100,100,100,100,100,100,100,100,100,100,100,100,100,100,100,100,100,100,100,100,100,100,100,100,100
https://www.elderstats.com/character/2021,Knight,100,100,100,100,100,100,100,87,54,50,44,100,33,84,93,67,57,82,100,65,100,100,100,100,100,100,100,100,100
https://www.elderstats.com/character/2027,Mage,0,0,0,0,0,0,0,0,0,0,0,0,0,0,0,0,0,0,0,0,0,56,56,56,56,56,56,56,56
https://www.elderstats.com/character/2028,Warrior,0,0,0,0,0,0,0,0,0,0,0,0,0,0,0,0,0,0,0,0,0,76,76,76,76,76,76,76,76
https://www.elderstats.com/character/2030,Agent,17,19,15,15,10,11,16,23,15,5,14,39,17,16,33,26,43,43,34,47,46,40,40,40,40,40,40,40,40
https://www.elderstats.com/character/2036,Rogue,8,34,42,8,8,6,5,35,10,6,6,5,5,10,51,60,53,36,77,90,10,46,46,46,46,46,46,46,46
https://www.elderstats.com/character/2039,Thief,34,45,42,8,25,21,26,20,19,9,31,18,6,45,51,88,100,52,100,102,35,70,70,70,70,70,70,70,70
https://www.elderstats.com/character/2043,Bard,15,5,60,100,15,75,30,30,5,5,5,50,5,5,10,50,10,55,10,10,50,85,85,85,85,85,85,85,85
https://www.elderstats.com/character/2046,Battlemage,0,0,100,100,0,0,100,100,100,100,100,100,0,100,0,100,100,100,100,100,100,100,100,100,100,100,100,100,100
https://www.elderstats.com/character/2052,Assassin,65,34,97,40,10,8,9,75,10,38,26,8,11,7,66,95,97,20,37,80,25,95,95,95,95,95,95,95,95
https://www.elderstats.com/character/2057,Assassin,87,77,100,34,14,17,100,38,15,31,35,38,17,45,100,29,12,36,77,80,19,73,73,73,73,73,73,73,73
https://www.elderstats.com/character/2058,Thief,14,46,91,30,11,15,33,24,28,9,31,9,13,28,77,108,49,40,71,92,21,81,81,81,81,81,81,81,81
https://www.elderstats.com/character/2082,Assassin,18,100,100,16,17,100,14,60,16,13,100,17,15,14,100,100,100,60,100,100,60,100,100,100,100,100,100,100,100
https://www.elderstats.com/character/2093,Nightblade,100,57,100,20,100,20,100,100,100,100,27,100,78,39,100,100,80,37,100,97,56,100,100,100,100,100,100,100,100
https://www.elderstats.com/character/2104,Bard,20,24,56,28,10,10,18,34,5,6,22,38,6,16,19,60,10,42,20,36,40,49,49,49,49,49,49,49,49
https://www.elderstats.com/character/2304,Crusader,83,100,100,50,84,72,100,100,100,100,109,100,100,132,100,10,52,31,38,44,31,100,100,100,100,100,100,100,100
https://www.elderstats.com/character/2307,Assassin,54,56,71,37,5,16,24,100,10,5,13,13,50,36,102,91,74,20,99,100,77,93,93,93,93,93,93,93,93
https://www.elderstats.com/character/2309,Warrior,100,100,100,88,62,84,100,49,12,28,22,13,28,26,97,24,23,35,82,68,15,129,129,129,129,129,129,129,129
https://www.elderstats.com/character/2423,Scout,100,100,100,100,17,17,26,16,15,10,15,15,15,15,100,100,100,34,52,61,43,100,100,100,100,100,100,100,100
https://www.elderstats.com/character/2427,Assassin,5,21,47,5,5,20,9,25,5,5,10,20,10,11,55,44,40,11,41,71,28,53,53,53,53,53,53,53,53
https://www.elderstats.com/character/2443,Nightblade,47,58,60,22,11,5,6,27,43,38,83,19,25,75,65,100,41,23,28,25,49,75,75,75,75,75,75,75,75
https://www.elderstats.com/character/2445,Assassin,47,47,82,47,8,16,14,11,53,15,29,34,43,47,59,100,23,18,87,80,31,86,86,86,86,86,86,86,86
https://www.elderstats.com/character/2499,Monk,11,54,28,20,9,61,36,4,42,9,39,9,6,45,54,74,35,21,83,43,22,83,83,83,83,83,83,83,83
https://www.elderstats.com/character/2512,Mage,62,103,60,56,34,99,100,100,100,100,70,100,100,100,101,100,100,70,53,76,82,100,100,100,100,100,100,100,100
https://www.elderstats.com/character/2518,Knight,999,999,999,999,999,999,999,999,999,999,999,999,999,999,999,999,999,999,999,999,999,999,999,999,999,999,999,999,999
https://www.elderstats.com/character/2542,Mage,26,54,67,23,17,34,43,67,100,100,71,75,27,32,65,36,43,35,42,39,27,64,64,64,64,64,64,64,64
https://www.elderstats.com/character/2599,Mage,95,50,71,49,65,50,64,99,52,62,90,53,50,50,64,66,37,31,82,55,56,192,192,192,192,192,192,192,192
https://www.elderstats.com/character/2652,Nightblade,100,100,100,100,100,100,100,100,100,100,100,100,100,100,100,100,100,100,100,100,100,80,80,80,80,80,80,80,80
https://www.elderstats.com/character/2689,Warrior,100,70,100,90,11,16,100,10,5,7,6,12,11,6,19,7,62,36,48,24,33,100,100,100,100,100,100,100,100
https://www.elderstats.com/character/2810,Thief,31,100,100,0,0,1,0,62,0,0,0,100,71,0,100,100,100,100,100,100,100,20,20,20,20,20,20,20,20
https://www.elderstats.com/character/2842,Witchhunter,10,42,15,20,10,36,15,20,14,80,100,20,25,10,60,30,30,20,25,40,62,200,200,200,200,200,200,200,200
https://www.elderstats.com/character/2930,Warrior,100,99,93,62,77,100,64,100,51,54,59,71,51,52,88,69,58,59,54,83,52,100,100,100,100,100,100,100,100
https://www.elderstats.com/character/2958,Witchhunter,83,84,76,30,24,40,100,100,67,90,72,87,62,40,100,100,100,94,100,82,86,62,62,62,62,62,62,62,62
https://www.elderstats.com/character/2967,Agent,12,48,48,6,6,7,3,40,41,11,13,36,8,29,100,66,51,50,97,96,32,40,40,40,40,40,40,40,40
https://www.elderstats.com/character/3033,Archer,100,91,100,67,100,82,100,39,100,100,84,100,76,80,82,100,66,44,100,100,20,100,100,100,100,100,100,100,100
https://www.elderstats.com/character/3120,Mage,19,24,23,13,16,15,17,51,31,40,27,30,32,44,21,26,12,21,18,13,25,33,33,33,33,33,33,33,33
https://www.elderstats.com/character/3134,Knight,15,34,64,43,36,37,59,5,5,6,7,28,5,26,39,7,11,21,16,11,37,65,65,65,65,65,65,65,65
https://www.elderstats.com/character/3190,Witchhunter,70,70,64,41,22,22,36,73,56,87,59,59,46,43,33,90,57,57,70,54,43,58,58,58,58,58,58,58,58
https://www.elderstats.com/character/3222,Barbarian,0,0,0,0,0,0,0,0,0,0,0,0,0,0,0,0,0,0,0,0,0,84,84,84,84,84,84,84,84
https://www.elderstats.com/character/3290,Scout,57,90,70,43,12,71,66,50,80,33,47,41,30,48,100,70,57,69,97,91,60,100,100,100,100,100,100,100,100
https://www.elderstats.com/character/3319,Scout,35,34,41,17,23,16,17,23,16,18,48,23,34,18,40,24,40,26,17,27,38,68,68,68,68,68,68,68,68
https://www.elderstats.com/character/3356,Spellsword,100,67,100,100,20,12,100,100,100,100,100,100,100,100,100,100,100,22,78,100,8,100,100,100,100,100,100,100,100
https://www.elderstats.com/character/3383,Spellsword,41,0,102,55,0,41,93,41,73,14,96,49,46,35,59,41,34,27,56,0,0,94,94,94,94,94,94,94,94
https://www.elderstats.com/character/3423,Barbarian,30,44,42,32,39,31,20,14,5,5,15,5,5,7,12,31,8,16,15,14,11,57,57,57,57,57,57,57,57
https://www.elderstats.com/character/3441,Crusader,100,103,103,51,76,48,100,100,76,100,75,71,62,79,52,74,46,49,92,88,52,73,73,73,73,73,73,73,73
https://www.elderstats.com/character/3480,Knight,21,63,100,60,39,33,100,18,6,8,59,38,9,43,52,41,17,34,48,67,38,64,64,64,64,64,64,64,64
https://www.elderstats.com/character/3490,Archer,25,37,32,12,33,25,8,12,8,9,6,6,6,18,37,52,49,10,28,39,15,38,38,38,38,38,38,38,38
https://www.elderstats.com/character/3511,Warrior,43,50,57,44,40,30,60,6,5,7,20,6,6,10,33,10,5,12,18,8,7,81,81,81,81,81,81,81,81
https://www.elderstats.com/character/3524,Acrobat,5,15,32,27,5,21,8,7,5,5,5,5,5,11,45,23,30,12,37,49,42,47,47,47,47,47,47,47,47
https://www.elderstats.com/character/3535,Assassin,5,65,80,5,5,5,5,40,5,5,5,5,5,5,60,60,70,50,50,60,60,40,40,40,40,40,40,40,40
https://www.elderstats.com/character/3552,Mage,5,15,10,10,10,5,10,40,25,80,30,25,25,35,15,5,5,5,5,5,5,40,40,40,40,40,40,40,40
https://www.elderstats.com/character/3654,Assassin,100,100,100,0,0,100,0,100,0,0,0,100,0,0,100,100,100,0,0,0,0,60,60,60,60,60,60,60,60
https://www.elderstats.com/character/3655,Assassin,0,0,100,0,0,0,0,100,0,0,0,100,0,60,100,100,100,0,100,100,100,10,10,10,10,10,10,10,10
https://www.elderstats.com/character/3708,Mage,100,156,90,20,25,20,100,100,100,100,100,100,100,55,50,100,75,23,75,100,25,100,100,100,100,100,100,100,100
https://www.elderstats.com/character/3722,Battlemage,30,35,100,100,100,100,100,15,15,15,100,15,15,100,21,15,20,30,20,20,20,75,75,75,75,75,75,75,75
https://www.elderstats.com/character/3737,Battlemage,10,89,90,60,19,100,40,15,60,20,50,60,70,80,20,40,34,48,19,10,75,87,87,87,87,87,87,87,87
https://www.elderstats.com/character/3838,Assassin,100,61,57,35,25,27,25,100,49,77,47,100,42,58,54,100,98,45,58,77,18,85,85,85,85,85,85,85,85
https://www.elderstats.com/character/3876,Healer,5,21,5,6,5,5,5,58,49,16,54,42,21,41,19,5,5,28,12,14,31,30,30,30,30,30,30,30,30
https://www.elderstats.com/character/3903,Battlemage,0,0,49,0,0,0,0,40,76,0,0,0,0,0,0,0,0,0,0,0,0,63,63,63,63,63,63,63,63
https://www.elderstats.com/character/3945,Archer,32,67,90,28,37,37,43,7,7,7,15,33,7,7,51,72,53,36,95,62,17,85,85,85,85,85,85,85,85
https://www.elderstats.com/character/3957,Knight,54,0,99,78,45,45,87,0,0,0,0,65,0,0,0,0,0,0,0,0,87,55,55,55,55,55,55,55,55
https://www.elderstats.com/character/3968,Warrior,31,42,42,32,40,31,42,10,5,5,5,5,5,5,15,14,11,17,10,11,5,57,57,57,57,57,57,57,57
https://www.elderstats.com/character/4002,Rogue,100,59,100,29,36,50,100,100,50,50,100,100,50,93,53,100,30,99,57,100,34,100,100,100,100,100,100,100,100
https://www.elderstats.com/character/4031,Acrobat,25,40,20,10,15,15,0,0,0,5,5,0,0,0,45,0,50,0,30,40,30,25,25,25,25,25,25,25,25
https://www.elderstats.com/character/4053,Battlemage,2,23,23,7,21,3,11,32,35,40,32,15,40,20,24,11,5,11,13,11,17,35,35,35,35,35,35,35,35
https://www.elderstats.com/character/4112,Battlemage,19,17,38,6,33,6,24,60,36,47,42,13,42,11,16,13,13,18,12,11,8,51,51,51,51,51,51,51,51
https://www.elderstats.com/character/4117,Spellsword,23,40,32,26,8,5,44,16,38,21,61,36,21,43,27,20,5,14,17,10,13,43,43,43,43,43,43,43,43
https://www.elderstats.com/character/4258,Crusader,100,100,100,100,100,100,100,100,100,100,100,100,100,100,100,100,100,100,100,100,100,112,112,112,112,112,112,112,112
https://www.elderstats.com/character/4344,Assassin,62,56,74,22,21,15,20,45,11,19,9,13,25,35,75,100,78,33,76,100,35,91,91,91,91,91,91,91,91
https://www.elderstats.com/character/4424,Acrobat,72,72,87,79,52,48,75,82,49,61,20,48,36,49,76,36,84,57,75,98,71,109,109,109,109,109,109,109,109
https://www.elderstats.com/character/4445,Crusader,51,78,79,46,62,87,98,29,33,36,43,17,37,74,88,5,34,21,31,52,31,84,84,84,84,84,84,84,84
https://www.elderstats.com/character/4538,Thief,56,87,110,67,95,104,100,100,99,100,100,115,100,75,110,91,69,30,100,66,100,160,160,160,160,160,160,160,160
https://www.elderstats.com/character/4550,Rogue,61,75,99,70,15,20,17,100,6,7,13,100,22,37,54,90,17,41,84,48,37,119,119,119,119,119,119,119,119
https://www.elderstats.com/character/4558,Assassin,8,13,28,7,5,5,10,37,10,5,26,5,5,15,36,48,42,12,30,44,11,31,31,31,31,31,31,31,31
https://www.elderstats.com/character/4579,Thief,5,31,35,5,10,6,5,6,5,5,37,5,10,5,31,36,15,15,34,35,10,42,42,42,42,42,42,42,42
https://www.elderstats.com/character/4750,Crusader,100,103,105,100,125,125,100,100,100,100,100,100,100,100,102,100,80,88,128,77,78,112,112,112,112,112,112,112,112
https://www.elderstats.com/character/4818,Warrior,1,0,1,0,0,0,1,0,0,0,0,0,0,0,0,1,0,0,1,1,1,100,100,100,100,100,100,100,100
https://www.elderstats.com/character/4841,Mage,0,0,0,0,0,0,0,100,100,110,110,100,100,110,0,0,0,0,0,0,0,52,52,52,52,52,52,52,52
https://www.elderstats.com/character/4843,Pilgrim,39,77,76,38,31,43,58,55,52,39,12,85,28,51,67,100,13,58,100,30,75,67,67,67,67,67,67,67,67
https://www.elderstats.com/character/4854,Acrobat,14,60,52,23,15,43,51,6,24,10,19,5,5,18,128,26,12,19,72,41,26,64,64,64,64,64,64,64,64
https://www.elderstats.com/character/4915,Archer,77,83,83,31,31,21,32,56,15,7,22,8,25,29,86,105,86,43,92,42,21,92,92,92,92,92,92,92,92
https://www.elderstats.com/character/4966,Thief,16,37,44,20,5,21,5,47,5,6,10,11,10,24,72,51,43,26,100,75,52,52,52,52,52,52,52,52,52
https://www.elderstats.com/character/4982,Spellsword,100,100,29,26,100,100,50,100,53,100,34,46,100,32,100,100,100,100,100,100,100,26,26,26,26,26,26,26,26
https://www.elderstats.com/character/4983,Knight,0,0,0,0,0,0,0,0,0,0,0,0,0,0,0,0,0,0,0,0,0,48,48,48,48,48,48,48,48
https://www.elderstats.com/character/5069,Mage,8,23,11,25,5,7,11,35,40,37,58,35,40,30,20,25,5,18,15,15,13,30,30,30,30,30,30,30,30
https://www.elderstats.com/character/5170,Crusader,100,65,110,58,40,100,110,15,5,7,26,6,6,52,26,7,100,15,20,16,15,100,100,100,100,100,100,100,100
https://www.elderstats.com/character/5189,Battlemage,9,29,44,12,28,5,13,36,50,41,37,15,41,28,85,38,10,5,27,14,5,62,62,62,62,62,62,62,62
https://www.elderstats.com/character/5276,Mage,17,44,16,29,33,11,49,17,42,57,81,41,51,42,33,14,33,16,24,22,17,42,42,42,42,42,42,42,42
https://www.elderstats.com/character/5277,Thief,52,40,29,15,6,6,15,44,10,9,9,6,11,28,83,73,88,49,67,99,52,47,47,47,47,47,47,47,47
https://www.elderstats.com/character/5305,Warrior,44,48,48,50,44,54,44,6,6,6,6,6,6,6,16,11,6,6,11,11,16,72,72,72,72,72,72,72,72
https://www.elderstats.com/character/5343,Nightblade,0,0,0,0,0,0,0,0,0,0,0,0,0,0,0,0,0,0,0,0,0,71,71,71,71,71,71,71,71
https://www.elderstats.com/character/5347,Nightblade,5,35,30,5,5,10,5,15,30,10,30,15,15,30,25,25,5,5,15,5,5,40,40,40,40,40,40,40,40
https://www.elderstats.com/character/5382,Acrobat,0,0,0,0,0,0,0,0,0,0,0,0,0,0,0,0,0,0,0,0,0,40,40,40,40,40,40,40,40
https://www.elderstats.com/character/5393,Rogue,0,5,0,0,5,0,0,0,0,0,0,0,5,0,0,5,0,0,0,0,0,40,40,40,40,40,40,40,40
https://www.elderstats.com/character/5407,Agent,23,47,23,12,0,7,9,0,0,0,0,30,0,22,76,47,70,40,82,61,36,41,41,41,41,41,41,41,41
https://www.elderstats.com/character/5425,Thief,8,15,6,5,5,5,5,15,10,5,7,5,5,6,36,36,41,30,35,42,30,30,30,30,30,30,30,30,30
https://www.elderstats.com/character/5440,Battlemage,5,18,28,5,25,5,9,35,41,40,36,15,40,20,18,14,5,9,13,11,5,35,35,35,35,35,35,35,35
https://www.elderstats.com/character/5482,Pilgrim,36,24,20,29,25,11,25,32,27,26,14,19,20,20,20,34,22,33,42,37,34,40,40,40,40,40,40,40,40
https://www.elderstats.com/character/5498,Mage,0,0,0,0,0,0,0,800,999,999,999,999,999,999,0,999,0,0,0,0,0,789,789,789,789,789,789,789,789
https://www.elderstats.com/character/5510,Mage,98,59,75,65,55,67,100,58,100,100,85,100,100,100,52,100,49,32,78,70,38,100,100,100,100,100,100,100,100
https://www.elderstats.com/character/5568,Mage,0,100,0,0,0,0,0,100,50,50,100,100,100,50,30,0,0,100,0,100,100,15,15,15,15,15,15,15,15
https://www.elderstats.com/character/5592,Crusader,68,74,74,43,74,64,70,46,8,7,48,11,5,48,44,16,38,20,33,25,21,100,100,100,100,100,100,100,100
https://www.elderstats.com/character/5594,Monk,74,96,62,33,31,92,47,70,100,23,36,11,13,66,102,100,102,33,80,100,54,102,102,102,102,102,102,102,102
https://www.elderstats.com/character/5615,Warrior,30,51,50,100,100,35,100,10,5,5,5,10,10,15,28,5,5,11,50,45,55,93,93,93,93,93,93,93,93
https://www.elderstats.com/character/5621,Barbarian,60,66,66,60,102,56,30,7,7,7,7,7,7,22,7,100,7,7,7,7,7,110,110,110,110,110,110,110,110
https://www.elderstats.com/character/5650,Nightblade,25,45,55,45,15,45,10,60,35,25,55,65,40,25,50,55,55,45,65,65,45,30,30,30,30,30,30,30,30
https://www.elderstats.com/character/5682,Crusader,0,47,32,0,0,0,0,0,0,0,0,0,0,0,0,0,0,0,0,0,0,45,45,45,45,45,45,45,45
https://www.elderstats.com/character/5691,Knight,100,100,100,100,100,100,100,100,100,100,100,100,100,100,100,100,100,100,100,100,100,100,100,100,100,100,100,100,100
